"nrAuthors","year","Flesch","NDC","n"
"1",1881,45.2915909091,8.835,2
"1",1896,24.4666892450143,11.4328571428571,7
"1",1897,27.4336259663923,11.0253846153846,13
"1",1898,21.7903994856875,11.73875,8
"1",1899,30.07945157692,11.173,10
"1",1900,18.05661820442,11.4,5
"1",1901,24.1169805729667,11.7833333333333,3
"1",1902,32.6642868988,10.71,1
"1",1903,34.8723448276,10.84,1
"1",1905,27.1184493143071,11.15,14
"1",1906,23.9599055890625,11.54875,8
"1",1907,30.5987820557444,11.2844444444444,18
"1",1908,26.57313708865,11.48,10
"1",1909,23.948014867088,11.5424,25
"1",1910,23.2127681831857,11.547619047619,21
"1",1911,27.8810333277513,11.3623076923077,39
"1",1912,27.1780975085817,11.3008333333333,60
"1",1913,24.7508628327042,11.4245833333333,48
"1",1914,28.1817889037044,11.4928888888889,45
"1",1915,28.4441088253431,11.3008620689655,58
"1",1916,28.3976604678607,11.4557142857143,56
"1",1917,26.367356057507,11.519649122807,57
"1",1918,25.6848985084818,11.5405454545455,55
"1",1919,27.0951391557341,11.3570454545455,44
"1",1920,27.5955137067697,11.4,33
"1",1921,27.4882345761523,11.4790909090909,44
"1",1922,30.9741088563519,11.3855769230769,52
"1",1923,26.8496231585317,11.6141463414634,41
"1",1924,24.0210100310815,11.687037037037,54
"1",1925,28.0147971186429,11.2171428571429,56
"1",1926,25.9991291704,11.6317647058824,51
"1",1927,25.3059068179219,11.8219178082192,73
"1",1928,22.2142277303695,11.8115254237288,59
"1",1929,26.5903375769309,11.6509090909091,55
"1",1930,23.387049500297,11.7859090909091,66
"1",1931,25.2337770514065,11.7679032258065,62
"1",1932,19.5968104596378,12.2153333333333,45
"1",1933,21.3776358789357,12.0821428571429,42
"1",1934,23.4507191927206,11.8273529411765,34
"1",1935,21.5288474640879,12.2312121212121,33
"1",1936,20.2975974214085,12.2655319148936,47
"1",1937,18.6800899050545,12.0797727272727,44
"1",1938,19.8123540481333,12.2453846153846,39
"1",1939,20.13183568475,12.2661111111111,36
"1",1940,19.2470071739778,11.9536111111111,36
"1",1941,25.4586770904485,11.6669696969697,33
"1",1942,22.6985499134118,11.7397058823529,34
"1",1943,23.4559945950167,11.7383333333333,36
"1",1944,21.6732352675853,12.0052941176471,34
"1",1945,17.7551979577788,12.159696969697,33
"1",1946,18.5440444262303,12.1181818181818,33
"1",1947,15.9688428238565,12.33,23
"1",1948,22.309848779168,11.7804,25
"1",1949,28.4745017147588,11.4711764705882,34
"1",1950,24.639393579344,11.964,25
"1",1951,15.1462138346667,12.235,24
"1",1952,17.1474630523133,12.2763333333333,30
"1",1953,16.9155791861294,12.2014705882353,34
"1",1954,18.1660688602067,12.061,30
"1",1955,22.9921969626417,12.0008333333333,24
"1",1956,18.433237214669,12.137619047619,42
"1",1957,21.4239155437897,11.9276923076923,39
"1",1958,18.4209698343742,12.1806060606061,66
"1",1959,22.265401213086,12.0183333333333,150
"1",1960,19.5423118136383,12.1149101796407,167
"1",1961,23.0256796587548,11.9835638297872,188
"1",1962,22.490510058419,12.0195022624434,221
"1",1963,21.0838451918804,12.1972852233677,291
"1",1964,20.2713977064915,12.17,293
"1",1965,20.1345938721645,12.2582578397213,287
"1",1966,19.9385100271307,12.1715950920245,326
"1",1967,20.154698420309,12.1448036951501,433
"1",1968,17.6599806621589,12.3668571428571,350
"1",1969,19.3559130314495,12.2251515151515,495
"1",1970,21.3878773887214,12.0163268892794,569
"1",1971,21.1625195347597,11.9979365079365,504
"1",1972,21.3695135083583,12.0626577437859,523
"1",1973,21.6843275063485,12.0355192307692,520
"1",1974,20.4954913638962,12.0777330895795,547
"1",1975,19.2475815812997,12.1138987566607,1126
"1",1976,18.2683828317813,12.1477142857143,1190
"1",1977,18.6653584053986,12.1287402933563,1159
"1",1978,17.5137484781167,12.251775147929,1183
"1",1979,17.980380294524,12.1596459412781,1158
"1",1980,17.9046821056631,12.224500450045,1111
"1",1981,16.5584119122663,12.2997100175747,1138
"1",1982,16.5361592564166,12.3302428057554,1112
"1",1983,16.3428496376737,12.2861448427213,1367
"1",1984,17.5392065798811,12.2631193353474,1324
"1",1985,16.621275781691,12.2582014925373,1340
"1",1986,17.0858485596871,12.2500901639344,1220
"1",1987,16.5658733421522,12.2320179007323,1229
"1",1988,16.9323125053347,12.2001211689237,1403
"1",1989,16.9036400270848,12.2498669796557,1278
"1",1990,15.3884606939883,12.323514739229,1323
"1",1991,15.1650801549012,12.3445394736842,1216
"1",1992,15.554740936145,12.3588230647709,1266
"1",1993,15.8222429582789,12.3342505592841,1341
"1",1994,15.8791966456702,12.3498217054264,1290
"1",1995,15.2728104801471,12.3739764705882,1275
"1",1996,14.2575060616978,12.4441876971609,1268
"1",1997,14.5503443083808,12.4516539050536,1306
"1",1998,15.8578166881101,12.5132395287958,1528
"1",1999,13.9490832415538,12.4714641744548,1605
"1",2000,18.4225357921746,12.2359167404783,2258
"1",2001,13.4808780905642,12.5415546218487,1666
"1",2002,14.0562927291915,12.5871761960327,1714
"1",2003,13.7995678162819,12.5584238488784,1694
"1",2004,13.8282952433114,12.592942979767,1631
"1",2005,13.8491477816033,12.5838415003025,1653
"1",2006,13.4959712337873,12.5951808706315,1631
"1",2007,12.626398973,12.7075223675155,1453
"1",2008,13.2357880076111,12.6525822253324,1429
"1",2009,13.56524766195,12.6270049680625,1409
"1",2010,13.1170506042057,12.6586549295775,1420
"1",2011,13.1066239923071,12.6303042763158,1216
"1",2012,11.6447364601362,12.6890592592593,1350
"1",2013,12.3202500847177,12.6882157339822,1233
"1",2014,11.9543340040242,12.6892439243924,1111
"1",2015,11.9928233999983,12.6824759405074,1143
"2",1896,27.78636005255,11.335,4
"2",1897,4.227704918,11.96,1
"2",1898,34.672758942125,10.7625,4
"2",1899,25.191122878675,11.1825,4
"2",1900,21.874538126,11.87,2
"2",1901,33.7388690476,10.65,2
"2",1902,26.3427807594,11.385,2
"2",1905,16.4756699755667,11.56,3
"2",1906,25.4202415167333,12.0033333333333,3
"2",1907,25.9967644158364,11.7154545454545,11
"2",1908,19.2516234736455,11.8336363636364,11
"2",1909,29.5902231042182,11.5345454545455,11
"2",1910,27.10669614545,11.1371428571429,14
"2",1911,29.6191214605276,11.3055172413793,29
"2",1912,29.1217333834208,11.34125,24
"2",1913,25.0151828902028,11.6244444444444,36
"2",1914,28.404815429527,11.57,37
"2",1915,25.7750837559886,11.5974285714286,35
"2",1916,27.4334715229767,11.2683333333333,30
"2",1917,27.6178914073574,11.481914893617,47
"2",1918,25.5702213167514,11.5102702702703,37
"2",1919,30.3828950416724,11.2831034482759,29
"2",1920,22.4188281557523,11.8879545454545,44
"2",1921,26.1988424088149,11.7014893617021,47
"2",1922,25.05816180734,11.5371111111111,45
"2",1923,24.1659633733409,11.7619696969697,66
"2",1924,23.9902492874153,11.8306779661017,59
"2",1925,28.5148326457128,11.3539743589744,78
"2",1926,28.9491284532323,11.4498387096774,62
"2",1927,25.5069555610203,11.6081012658228,79
"2",1928,27.8457515342153,11.47,59
"2",1929,21.2612775853507,11.8576119402985,67
"2",1930,23.6845315368316,11.8024561403509,57
"2",1931,21.8675086674654,11.8677777777778,81
"2",1932,24.3870451286158,11.8477192982456,57
"2",1933,20.4421681112755,12.0802040816327,49
"2",1934,21.576008966826,11.8336,50
"2",1935,21.0711355880561,12.1133333333333,57
"2",1936,15.8974842806143,12.2344897959184,49
"2",1937,20.1747942201755,11.9977358490566,53
"2",1938,20.2161565940155,11.9151724137931,58
"2",1939,22.16050321059,11.8724,50
"2",1940,23.6323863561672,11.9955172413793,58
"2",1941,17.625228155507,12.3151162790698,43
"2",1942,22.6652468652095,12.2090476190476,42
"2",1943,22.8642854873389,11.9625,36
"2",1944,20.0212756677524,11.9688095238095,42
"2",1945,22.7033952959211,11.6710526315789,57
"2",1946,16.88546194254,12.368,40
"2",1947,19.7706326214167,12.0004761904762,42
"2",1948,21.9519834374438,12.0733333333333,48
"2",1949,22.2848270810404,12.213829787234,47
"2",1950,21.2925733702222,12.07,45
"2",1951,22.5793277847655,11.928275862069,29
"2",1952,21.0507253011842,12.18,38
"2",1953,20.4775100909244,11.9824390243902,41
"2",1954,21.4653333917105,12.1484210526316,38
"2",1955,19.9964319422386,12.2095454545455,44
"2",1956,17.4558780995745,12.2564705882353,51
"2",1957,12.7767096770673,12.5428571428571,49
"2",1958,17.0198952740107,12.3638666666667,75
"2",1959,18.3598068727438,12.2559701492537,201
"2",1960,17.7546688370089,12.3101327433628,226
"2",1961,19.0630605369663,12.3417269076305,249
"2",1962,18.6306867723573,12.3464157706093,279
"2",1963,19.5057823718019,12.3532,425
"2",1964,17.2289413938293,12.4113842975207,484
"2",1965,17.0846725674808,12.4480089485459,447
"2",1966,17.3353306405922,12.4333532934132,501
"2",1967,17.2371761150022,12.4471214642263,601
"2",1968,15.9004844252699,12.4657098283931,641
"2",1969,16.5042596753075,12.4138276553106,998
"2",1970,17.7929930858477,12.3925788497217,1078
"2",1971,15.0734067736594,12.4859183673469,980
"2",1972,15.5347586868411,12.5307471264368,1044
"2",1973,15.4911481895382,12.4997988505747,1044
"2",1974,15.9987975808372,12.5430671506352,1102
"2",1975,16.1871073922713,12.4643501048218,1908
"2",1976,15.6135813934765,12.4881711065574,1952
"2",1977,15.8513531195062,12.507680798005,2005
"2",1978,15.7105144503888,12.5056375183195,2047
"2",1979,15.7367293000169,12.4994388001935,2067
"2",1980,15.0211789148466,12.5353819742489,2330
"2",1981,15.7585693250035,12.5555153707052,2212
"2",1982,15.8114143493206,12.5624403312226,2053
"2",1983,15.0171181372571,12.5720613656007,2314
"2",1984,15.7610632805317,12.5433781439722,2306
"2",1985,15.399177043816,12.5668845315904,2295
"2",1986,16.2997179112975,12.5170013568521,2211
"2",1987,15.7510993948563,12.5302658227848,2370
"2",1988,16.3711994597777,12.5142268907563,2380
"2",1989,15.56024321356,12.5815551020408,2450
"2",1990,15.4786645703678,12.5842912172573,2596
"2",1991,14.8979607540581,12.6279243119266,2616
"2",1992,15.0764601734564,12.6028370144707,2626
"2",1993,14.8063448752947,12.6385999232835,2607
"2",1994,15.1159098778975,12.6053657644477,2734
"2",1995,15.0253024098821,12.6445508537491,2694
"2",1996,13.9904946662654,12.6872600220669,2719
"2",1997,13.9770356217252,12.6673651376147,2725
"2",1998,14.2519560942689,12.6608117326057,2932
"2",1999,14.0075390330761,12.6770013297872,3008
"2",2000,14.5405768552151,12.6435421166307,3241
"2",2001,13.927839876791,12.6587260536398,3132
"2",2002,13.6144056268851,12.6945325077399,3230
"2",2003,13.4726231651284,12.7350200555384,3241
"2",2004,12.6880570412628,12.7546243990385,3328
"2",2005,12.383208251239,12.7758141619361,3347
"2",2006,11.9654062864001,12.8012991656734,3356
"2",2007,12.1111334618442,12.7980126467931,3321
"2",2008,11.8144929014572,12.8267462957363,3307
"2",2009,11.5228375492729,12.8564906927067,3277
"2",2010,10.7851503363371,12.8720416,3125
"2",2011,10.533671870561,12.8929983079526,2955
"2",2012,10.9500843725358,12.8837660148348,2966
"2",2013,10.6222625422315,12.8949529452771,2869
"2",2014,10.4528575491642,12.9232309889325,2801
"2",2015,9.95322892632698,12.9475360750361,2772
"3",1905,3.475,12.71,1
"3",1907,41.3107029468,10.82,1
"3",1908,27.1841983205,10.755,2
"3",1909,31.9432077403667,11.1533333333333,3
"3",1910,23.51394111155,11.24,2
"3",1911,28.052,11.51,1
"3",1912,22.2206768234429,11.2714285714286,7
"3",1913,25.4227343402167,11.6216666666667,6
"3",1914,30.4024935450545,11.1245454545455,11
"3",1915,22.8091741945467,12.098,15
"3",1916,22.6185793730769,11.6915384615385,13
"3",1917,25.4711966243429,11.5542857142857,7
"3",1918,18.1252432734875,11.77,8
"3",1919,34.6633293213667,10.9677777777778,9
"3",1920,24.9213998410625,11.52625,8
"3",1921,25.4872701783556,11.3533333333333,9
"3",1922,31.40583887551,11.665,10
"3",1923,31.8046783317625,11.2775,8
"3",1924,27.7905194614467,11.52,15
"3",1925,25.8218472861375,11.7275,8
"3",1926,26.5313335555889,11.7655555555556,9
"3",1927,16.7558561850667,11.9708333333333,12
"3",1928,30.5887628113,11.415,14
"3",1929,23.4217861139895,12.0157894736842,19
"3",1930,30.108479037925,11.41875,16
"3",1931,25.5510804943333,11.76,15
"3",1932,26.0557275239656,11.86875,32
"3",1933,23.5195567432929,12.2928571428571,14
"3",1934,20.9217643691304,11.8286956521739,23
"3",1935,28.4518144371462,11.4830769230769,13
"3",1936,21.566883927808,11.8656,25
"3",1937,19.3238570185125,11.89125,16
"3",1938,24.081424222937,11.7281481481481,27
"3",1939,16.013818384,12.3646666666667,15
"3",1940,24.06477102345,11.9604545454545,22
"3",1941,18.4127568375667,12.1977777777778,18
"3",1942,19.6787184269211,11.8931578947368,19
"3",1943,17.9308208826684,12.1047368421053,19
"3",1944,17.3965526464115,12.1619230769231,26
"3",1945,20.9267989637853,11.9529411764706,34
"3",1946,20.5721195986615,11.9430769230769,26
"3",1947,22.3009359788852,12.067037037037,27
"3",1948,20.2004374491133,11.856,15
"3",1949,19.1829934602214,12.0814285714286,14
"3",1950,16.0019079700545,12.2204545454545,22
"3",1951,20.6745617212955,12.1586363636364,22
"3",1952,24.17078801669,11.933,20
"3",1953,21.5771273384759,12.1386206896552,29
"3",1954,19.7912036710476,12.1219047619048,21
"3",1955,18.3932966868714,12.3265714285714,35
"3",1956,19.2210505243167,12.2254166666667,24
"3",1957,12.3920396728615,12.6065384615385,26
"3",1958,18.9633217891436,12.2628205128205,39
"3",1959,18.67901522357,12.1936666666667,90
"3",1960,16.522406864485,12.2752,100
"3",1961,14.916763137479,12.3536974789916,119
"3",1962,19.9980036604407,12.2892142857143,140
"3",1963,16.8990410195318,12.42466367713,223
"3",1964,17.5238110653339,12.4357976653697,257
"3",1965,18.4604985748762,12.3776211453744,227
"3",1966,15.0427461076222,12.5291851851852,270
"3",1967,16.4992542808286,12.4865317919075,346
"3",1968,15.7216369550476,12.533125,368
"3",1969,13.9771694419056,12.6136597110754,623
"3",1970,16.7311883281936,12.4879347826087,644
"3",1971,15.6208057135632,12.4926657263752,709
"3",1972,14.6208657232536,12.5564362336114,839
"3",1973,15.9317037088551,12.5396953642384,755
"3",1974,14.0574308088319,12.6831414868106,834
"3",1975,15.8794760057085,12.509349112426,1521
"3",1976,15.5812639852358,12.4939740420272,1618
"3",1977,14.9997276478337,12.5444126241964,1711
"3",1978,14.6657853428717,12.5539308357349,1735
"3",1979,15.044831800246,12.5851716621253,1835
"3",1980,15.0065905382551,12.57796277666,1988
"3",1981,14.9489263761247,12.6123499491353,1966
"3",1982,14.7002864834649,12.6329648241206,1791
"3",1983,14.8841192010739,12.6104914232731,2157
"3",1984,15.0811577793716,12.6197126707489,2123
"3",1985,15.5665657995663,12.5834309623431,2151
"3",1986,15.3083726689003,12.6063555762949,2143
"3",1987,15.8312952026913,12.608413506013,2162
"3",1988,15.6652740172607,12.6322643171806,2270
"3",1989,15.4258699531853,12.6474510638298,2350
"3",1990,15.2854439889091,12.6463077575244,2359
"3",1991,14.6860739884543,12.6842166184374,2419
"3",1992,15.6590317696966,12.6706674473068,2562
"3",1993,15.1608660054731,12.6744483024691,2592
"3",1994,15.1369682821158,12.6836652460287,2581
"3",1995,14.7728114666542,12.7043564356436,2626
"3",1996,15.3514480223024,12.6592556019749,2633
"3",1997,14.3056866436259,12.6816060606061,2640
"3",1998,15.3011265309001,12.6456963315217,2944
"3",1999,14.7356308403527,12.6873565217391,2875
"3",2000,14.409346811364,12.699396495782,3082
"3",2001,13.9280738117924,12.7179332477535,3116
"3",2002,13.8573819657215,12.7293514036786,3099
"3",2003,13.6280427845656,12.7237773666358,3243
"3",2004,13.4579069382435,12.7411559633028,3270
"3",2005,12.7120906481242,12.7759279279279,3330
"3",2006,12.854727371219,12.77987699877,3252
"3",2007,12.434207460175,12.7824534360951,3114
"3",2008,12.3932879045687,12.8173223140496,3025
"3",2009,12.1638887225264,12.808193442623,3050
"3",2010,11.850663891331,12.8290915492958,2840
"3",2011,11.5883541746111,12.8267975830816,2648
"3",2012,11.2962398206697,12.8396846011132,2695
"3",2013,10.6222223964233,12.911639283047,2678
"3",2014,10.6532213589334,12.8776721186763,2629
"3",2015,10.1226260104407,12.8755547254389,2677
"4",1906,40.0734198403,10.39,1
"4",1916,43.9550607806,10.56,1
"4",1917,40.0979243164,10.2925,4
"4",1919,29.4253636364,11.29,1
"4",1920,35.55944808215,10.875,2
"4",1921,45.21182142125,11.265,2
"4",1922,39.2464780928,11.69,2
"4",1924,32.9601827364667,11.4866666666667,3
"4",1928,16.02277123918,12.158,5
"4",1929,6.14851800443333,12.3283333333333,6
"4",1930,23.7552505207167,11.1683333333333,6
"4",1931,24.7333386616,11.27,2
"4",1932,30.87308723226,11.754,5
"4",1933,21.76778917955,11.4975,4
"4",1934,15.88254584535,12.43,2
"4",1935,24.7988022950833,11.9233333333333,6
"4",1936,34.3744457762333,11.14,3
"4",1937,14.3082611349,12.6342857142857,7
"4",1938,30.0098662754,11.928,5
"4",1939,23.82826497312,11.356,5
"4",1940,22.2345686009111,11.69,9
"4",1941,25.45123894704,12.093,10
"4",1942,28.5380204804667,11.66,9
"4",1943,19.0692086653167,12.2333333333333,6
"4",1944,10.053890784775,12.50875,8
"4",1945,25.98940101845,12.2233333333333,18
"4",1946,22.2762790885733,12.3513333333333,15
"4",1947,21.97529685302,12.096,10
"4",1948,28.2447368421,11.78,1
"4",1949,15.7664710243,12.19,2
"4",1950,27.44134728946,11.705,10
"4",1951,17.7056943890375,12.63,8
"4",1952,24.912099582225,11.67,8
"4",1953,23.3672881210625,12.15125,8
"4",1954,25.2725873164533,11.938,15
"4",1955,17.94711655866,12.1973333333333,15
"4",1956,16.8211315821909,12.5518181818182,11
"4",1957,21.0940561295182,12.1245454545455,11
"4",1958,16.3619305463875,12.498125,16
"4",1959,17.2533947194871,12.3470967741935,31
"4",1960,13.1617325663359,12.7438461538462,39
"4",1961,16.1906628642125,12.19525,40
"4",1962,9.62090371235532,12.39,47
"4",1963,17.4110720477273,12.199696969697,66
"4",1964,16.9386187564291,12.3824050632911,79
"4",1965,15.2741563304784,12.3974226804124,97
"4",1966,14.1116465359591,12.7010752688172,93
"4",1967,14.5634633162755,12.5531288343558,163
"4",1968,17.5463242248864,12.4126635514019,214
"4",1969,14.772216794199,12.5777557755776,303
"4",1970,15.7231868930527,12.5981435643564,404
"4",1971,14.9233248561772,12.5695800524934,381
"4",1972,13.0226705717449,12.6630875576037,434
"4",1973,14.245925146866,12.6487794432548,467
"4",1974,13.9907436419478,12.6725918367347,490
"4",1975,14.4123836025816,12.5425851703407,998
"4",1976,15.6341324843185,12.5318015414258,1038
"4",1977,15.1707148511232,12.5804448398577,1124
"4",1978,14.5176631487509,12.5576718213058,1164
"4",1979,14.5612114451383,12.6486609907121,1292
"4",1980,14.2311991535343,12.651458478716,1433
"4",1981,14.7191378272909,12.6605886524823,1410
"4",1982,14.8812002251606,12.5770681348933,1453
"4",1983,14.9959957572713,12.6092339916218,1671
"4",1984,14.779681080149,12.6491733996271,1609
"4",1985,14.7056560515773,12.6309551886792,1696
"4",1986,14.6009648083558,12.6956040839478,1763
"4",1987,14.9867415091128,12.6425158684362,1733
"4",1988,15.0008943689532,12.6769342309684,1931
"4",1989,15.6963395687663,12.6419740129935,2001
"4",1990,15.2302667277092,12.6873326867119,2062
"4",1991,14.609677037652,12.7192185370286,2201
"4",1992,14.5860831151661,12.7386567164179,2211
"4",1993,14.6143703507285,12.7501474304971,2374
"4",1994,14.9207618344305,12.7233579033579,2442
"4",1995,14.2788288846712,12.7602970711297,2390
"4",1996,15.0063584804789,12.722382642998,2535
"4",1997,15.12296150078,12.7091536301645,2493
"4",1998,14.4857034959752,12.7234117647059,2635
"4",1999,14.7032664569055,12.703587954462,2723
"4",2000,14.21375877702,12.7161423090338,2867
"4",2001,14.5787673755461,12.7102344296711,2858
"4",2002,14.2766455828814,12.7372328951803,2967
"4",2003,13.8612936611097,12.7523383905013,3032
"4",2004,13.6296474326854,12.756265884653,3069
"4",2005,14.0923674921752,12.7516375,3200
"4",2006,12.8847121522583,12.8124623444663,3054
"4",2007,12.7010191058189,12.8086544141779,3047
"4",2008,12.2770181124537,12.8405812372536,2942
"4",2009,12.4048322069863,12.8536865879083,2878
"4",2010,11.8839534178949,12.855700867052,2768
"4",2011,11.7302969045969,12.8485164394547,2494
"4",2012,11.8610829603184,12.8327027027027,2590
"4",2013,10.5013437882661,12.9037654798762,2584
"4",2014,10.6878413972159,12.8939119804401,2454
"4",2015,10.7672072952522,12.8811870196413,2342
"5",1916,32.0169918699,12.4,1
"5",1921,16.4916666667,12.87,1
"5",1929,11.0304054054,12.58,1
"5",1930,-10.2529487179,12.83,1
"5",1932,29.0053690227,11.83,2
"5",1936,58.2453296703,8.73,1
"5",1937,36.6865995763,12.14,1
"5",1939,42.2915424472,10.51,1
"5",1940,18.9681046138667,12.3733333333333,3
"5",1941,43.9366155419,11.19,1
"5",1942,23.48428692532,11.8,5
"5",1943,24.6117286387667,11.8933333333333,3
"5",1944,41.59464803075,10.325,2
"5",1945,17.75414253395,12.3625,4
"5",1946,13.8497593266,12.496,5
"5",1947,16.8275,12.74,1
"5",1948,20.760625,12.18,1
"5",1950,28.9189113741667,11.38,3
"5",1951,32.0919649123,11.03,1
"5",1952,13.7126471168333,12.67,3
"5",1953,22.1812284689,12.475,2
"5",1954,16.61608845305,12.2525,4
"5",1955,28.1126933976333,12.35,3
"5",1956,21.0008673706333,11.9616666666667,6
"5",1957,15.5045410628,12.46,1
"5",1958,44.11278100775,11.28,2
"5",1959,11.08997932258,12.701,10
"5",1960,10.6544224063429,12.6071428571429,7
"5",1961,15.2434721192538,12.4346153846154,13
"5",1962,7.41000503393077,12.7561538461538,13
"5",1963,15.2955534721316,12.4894736842105,19
"5",1964,18.7835071053905,12.3252380952381,21
"5",1965,15.267205991748,12.318,25
"5",1966,15.7862842159286,12.5911428571429,35
"5",1967,14.6544297280082,12.475737704918,61
"5",1968,14.4949332091824,12.5308108108108,74
"5",1969,16.4454317880301,12.3729268292683,123
"5",1970,15.3606564235264,12.6222972972973,148
"5",1971,14.9347424567405,12.5516993464052,153
"5",1972,14.3692819826046,12.5729743589744,195
"5",1973,13.6644165603398,12.6465277777778,216
"5",1974,12.9914401489602,12.7065254237288,236
"5",1975,14.5513782184408,12.5323440453686,529
"5",1976,14.9936355204845,12.5591325695581,611
"5",1977,14.1695823877908,12.5698104265403,633
"5",1978,14.578809235299,12.6214600550964,726
"5",1979,14.7832021225253,12.57488,750
"5",1980,14.5412271227732,12.6369560047562,841
"5",1981,15.0161468838979,12.6356388206388,814
"5",1982,14.1909087186501,12.7309649122807,912
"5",1983,14.1329903522357,12.6780613165014,1109
"5",1984,13.6224827288109,12.7059709153122,1169
"5",1985,13.9369077941352,12.7102551020408,1176
"5",1986,15.0689364700599,12.683560295324,1219
"5",1987,14.334657677548,12.7013236419281,1307
"5",1988,14.6268155055346,12.703712835388,1379
"5",1989,15.4793046010421,12.7058080451658,1417
"5",1990,14.8062294404654,12.7435563816605,1614
"5",1991,14.9296016508582,12.739441031941,1628
"5",1992,14.8828988463885,12.7008826815642,1790
"5",1993,14.4107633218891,12.735413811281,1897
"5",1994,14.355644633302,12.7523296354992,1893
"5",1995,14.4875011704366,12.7639499509323,2038
"5",1996,14.6579034764751,12.7489459084605,2163
"5",1997,14.4933857508393,12.764524929445,2126
"5",1998,14.7186334702238,12.7260205831904,2332
"5",1999,14.878816684003,12.7226076360682,2462
"5",2000,15.0505530245589,12.7201616628176,2598
"5",2001,13.993992678567,12.7743913894325,2555
"5",2002,13.8201840288609,12.7812964396285,2584
"5",2003,13.4667992114203,12.8090076628352,2610
"5",2004,13.2005607405707,12.827831920904,2832
"5",2005,13.4786708309146,12.8122622377622,2860
"5",2006,12.4229865831954,12.8718620689655,2755
"5",2007,12.4544636498051,12.8494766566265,2656
"5",2008,12.963099996549,12.8247213855422,2656
"5",2009,12.5024020836689,12.8473552780931,2643
"5",2010,11.9448451619047,12.8733450292398,2565
"5",2011,11.9983981113119,12.8742671691792,2388
"5",2012,11.4906446600598,12.9012591093117,2470
"5",2013,10.9243841356148,12.9438768430182,2306
"5",2014,10.6705513832284,12.9389661399549,2215
"5",2015,10.6036328898275,12.9531007104053,2393
"6",1950,4.8588536585,13.45,1
"6",1952,9.33900371805,12.725,2
"6",1955,48.597,11.12,1
"6",1956,26.14430493425,11.85,4
"6",1957,24.07492903774,12.488,5
"6",1958,11.2899038462,11.97,1
"6",1959,9.2384778708,11.955,4
"6",1960,13.5273395722,11.48,2
"6",1961,6.99942148726667,12.88,3
"6",1962,15.9583762561,12.395,4
"6",1963,15.6073487904143,12.1828571428571,7
"6",1964,10.3517585914,12.898,5
"6",1965,9.5246758629,12.6075,4
"6",1966,15.33647690555,12.41625,8
"6",1967,19.789014336225,12.421,20
"6",1968,10.3223295529323,12.4722580645161,31
"6",1969,19.1705058071024,12.4880952380952,42
"6",1970,15.2981944863815,12.3650769230769,65
"6",1971,16.4951314575419,12.4835135135135,74
"6",1972,16.0570197878236,12.5407865168539,89
"6",1973,16.9919133814,12.3898780487805,82
"6",1974,15.370600606041,12.6201904761905,105
"6",1975,15.3501210815797,12.4746610169492,236
"6",1976,15.9748633865601,12.5535620915033,306
"6",1977,13.5881980851914,12.6663103448276,290
"6",1978,13.2752184373908,12.6382222222222,360
"6",1979,14.4591428932605,12.6708533333333,375
"6",1980,14.1560067602126,12.7446501128668,443
"6",1981,16.3049568937479,12.5530192307692,520
"6",1982,14.8350158121803,12.6438273921201,533
"6",1983,14.9565347502351,12.662869955157,669
"6",1984,14.9575112996524,12.6330397727273,704
"6",1985,14.1009721099948,12.7078463476071,794
"6",1986,14.157865638606,12.7272161172161,819
"6",1987,14.0042145242964,12.7610121012101,909
"6",1988,14.3074549372806,12.7706813417191,954
"6",1989,14.7585514857997,12.7251026392962,1023
"6",1990,14.0749489990752,12.7719691470054,1102
"6",1991,14.5887082755834,12.7206305578011,1237
"6",1992,13.8967843056037,12.8243074581431,1314
"6",1993,14.7788754587504,12.7541810344828,1392
"6",1994,14.0324348627389,12.773109517601,1534
"6",1995,14.1832384094742,12.7792735312697,1583
"6",1996,13.987944291025,12.80747318236,1678
"6",1997,14.4039126315487,12.7616938300349,1718
"6",1998,14.0117079888021,12.7738662316476,1839
"6",1999,13.9954425730958,12.7823526287839,1883
"6",2000,14.234070699908,12.7623338185347,2061
"6",2001,14.5053123486314,12.7544972758791,2019
"6",2002,14.143387035039,12.7764558754129,2119
"6",2003,13.507342864442,12.8244539711191,2216
"6",2004,13.2419341800997,12.8252602389079,2344
"6",2005,13.0105568058465,12.834601659751,2410
"6",2006,12.7375222109776,12.8415583333333,2400
"6",2007,12.5615774708916,12.8625205361003,2313
"6",2008,12.1030949211422,12.8964651938308,2399
"6",2009,11.603921997151,12.9306681127983,2305
"6",2010,12.0735795917058,12.8884266666667,2250
"6",2011,11.6262774924944,12.92265169613,2093
"6",2012,11.1346732673576,12.9354603174603,2205
"6",2013,10.4902458521,13.0007035419699,2061
"6",2014,10.3731476982177,13.0019681349578,2134
"6",2015,10.9082834662586,12.9512162780064,2187
"7",1941,44.143875,12.32,1
"7",1944,42.4521748768,11.8,1
"7",1950,16.52425874105,13.01,2
"7",1952,47.353,10.28,1
"7",1961,-11.844114807375,13.4725,4
"7",1962,7.0756855301,12.56,1
"7",1963,38.485,10.94,1
"7",1964,12.2250409836,11.1,1
"7",1965,22.0460661928,12.4275,4
"7",1966,11.8407793522333,13.32,3
"7",1967,23.798220380925,12.025,4
"7",1968,14.30124799025,12.5533333333333,12
"7",1969,15.31627949705,12.7641666666667,12
"7",1970,22.7307911757923,12.06,26
"7",1971,19.2867942882788,12.1618181818182,33
"7",1972,18.02074970303,12.321,20
"7",1973,11.7161107552441,12.6455882352941,34
"7",1974,15.5329700132783,12.5365217391304,46
"7",1975,14.3998058911414,12.6125225225225,111
"7",1976,10.4640252865,12.8452941176471,136
"7",1977,15.3360045571184,12.606,125
"7",1978,14.4289588968012,12.6676300578035,173
"7",1979,14.8196033194476,12.6555080213904,187
"7",1980,14.2804396346164,12.5978571428571,238
"7",1981,15.6868682125632,12.6111363636364,220
"7",1982,14.806252951054,12.6007,300
"7",1983,15.2148699151593,12.6568194842407,349
"7",1984,13.2612183671354,12.7552763819095,398
"7",1985,14.60536911305,12.7205681818182,440
"7",1986,13.7967244947276,12.722059447983,471
"7",1987,14.4917831331801,12.80134765625,512
"7",1988,13.3916432592405,12.8364102564103,624
"7",1989,15.7158126076987,12.7204920634921,630
"7",1990,13.1497949948954,12.8229058663029,733
"7",1991,14.8540748989946,12.7466182298547,757
"7",1992,14.1804166293318,12.800936329588,801
"7",1993,13.9670665171302,12.7916703539823,904
"7",1994,13.2495443075326,12.8516715542522,1023
"7",1995,13.6285138510975,12.8631884057971,1104
"7",1996,14.2299671151693,12.8102528548124,1226
"7",1997,14.2326841899792,12.7880380794702,1208
"7",1998,13.9186364063205,12.8102409638554,1328
"7",1999,14.0264831589656,12.8181114327062,1382
"7",2000,13.9515656067119,12.8175804289544,1492
"7",2001,13.1757408827936,12.8194342105263,1520
"7",2002,14.0068001558708,12.8198444976077,1672
"7",2003,12.8308978087878,12.8833772180882,1747
"7",2004,12.6304114890293,12.879644087256,1742
"7",2005,12.7264613307488,12.8774573560768,1876
"7",2006,11.9358468436616,12.9161277033986,1942
"7",2007,12.0624782170894,12.9169848721961,1917
"7",2008,12.739197756561,12.8726365140651,1813
"7",2009,11.9351795256891,12.9311983471074,1936
"7",2010,11.8143528547863,12.9521125975474,1794
"7",2011,11.9970585931997,12.8927215189873,1738
"7",2012,11.0849477583686,12.9702209363493,1901
"7",2013,10.629601972727,13.0174838709677,1860
"7",2014,10.7448208873372,12.9818431597023,1747
"7",2015,10.1503237889716,13.0262268266085,1834
"8",1957,5.1685855138,13.01,1
"8",1962,17.4369642857,12.61,1
"8",1964,44.5333858268,12.37,1
"8",1965,50.4707692308,10.96,1
"8",1966,16.9417091837,12.48,2
"8",1967,18.0412254902,13.17,2
"8",1968,32.8120530958,12.195,2
"8",1969,15.9108214851,12.48,7
"8",1970,18.7720287387,12.6692307692308,13
"8",1971,21.1648299542667,12.2166666666667,6
"8",1972,0.163326046966667,13.285,6
"8",1973,13.92624197138,12.5853333333333,15
"8",1974,17.4274599198286,12.48,21
"8",1975,12.9775770250768,12.4923214285714,56
"8",1976,19.080669509615,12.4525,60
"8",1977,16.9874248259814,12.5254237288136,59
"8",1978,14.5371330335165,12.5996202531646,79
"8",1979,15.0138283341568,12.6443181818182,88
"8",1980,14.8995230771882,12.5842727272727,110
"8",1981,13.271719946759,12.7122222222222,117
"8",1982,15.5368928729445,12.518671875,128
"8",1983,13.4672026862545,12.6867195767196,189
"8",1984,14.9918100106185,12.7221296296296,216
"8",1985,14.5392677581426,12.6686454183267,251
"8",1986,14.9569963570212,12.7269965870307,293
"8",1987,15.0258329923498,12.7842342342342,333
"8",1988,14.802417072295,12.7377089783282,323
"8",1989,15.2852484828264,12.7240314136126,382
"8",1990,14.5408648090258,12.7677230046948,426
"8",1991,14.0076848313923,12.7997244094488,508
"8",1992,13.8521060866676,12.7705709023941,543
"8",1993,14.5079864327259,12.7797647058824,595
"8",1994,13.8813130102372,12.8257657657658,666
"8",1995,13.6505911194457,12.8312572254335,692
"8",1996,13.1747407217968,12.8719343065693,822
"8",1997,12.9503365918691,12.8398666666667,900
"8",1998,13.8398982638443,12.8282017126546,1051
"8",1999,13.5310976745278,12.8279980079681,1004
"8",2000,13.424852519438,12.8318710832587,1117
"8",2001,13.2361729275153,12.8514864864865,1184
"8",2002,13.1463897029258,12.8270967741935,1178
"8",2003,12.1500286922983,12.9293291239148,1267
"8",2004,12.3586621698502,12.8985127478754,1412
"8",2005,12.2694259318166,12.9117403314917,1448
"8",2006,11.8713076986892,12.9207826649418,1546
"8",2007,12.6898724142444,12.9096045576408,1492
"8",2008,11.5383604636907,12.9635667963684,1542
"8",2009,11.6703171120594,12.9660157790927,1521
"8",2010,11.3113350394746,12.9700990752972,1514
"8",2011,11.0628203719677,12.9608641975309,1377
"8",2012,10.9205764276586,12.9840731070496,1532
"8",2013,10.1257680374901,13.037100130039,1538
"8",2014,9.79089061800532,13.0343101182654,1522
"8",2015,10.04541589083,13.0374295532646,1455
"9",1943,-0.71617461745,13.155,2
"9",1958,-7.3675,12.95,1
"9",1964,-8.6606060606,13.16,1
"9",1965,25.3247826087,10.68,1
"9",1967,13.08739949355,12.755,4
"9",1968,7.185,13.02,1
"9",1969,4.3925473322,13.6075,4
"9",1970,27.83278307452,11.894,10
"9",1971,21.806489155975,11.9675,12
"9",1972,13.5382485428364,12.4754545454545,11
"9",1973,12.79117015305,12.565,4
"9",1974,19.10573584203,12.148,10
"9",1975,20.5726609757263,12.3231578947368,19
"9",1976,18.3778048403875,12.4153125,32
"9",1977,18.2609937042087,12.3545652173913,46
"9",1978,15.4433875547071,12.6583333333333,42
"9",1979,15.5508543101667,12.5310256410256,39
"9",1980,12.5276096599356,12.8448888888889,45
"9",1981,13.466606963095,12.6863333333333,60
"9",1982,17.1142895812212,12.5763636363636,66
"9",1983,15.1490483471281,12.6637078651685,89
"9",1984,13.2914600677667,12.75675,120
"9",1985,13.6687634601338,12.7351592356688,157
"9",1986,15.5171542470205,12.7419886363636,176
"9",1987,15.2962911543068,12.6389473684211,190
"9",1988,14.0794930936805,12.6676018099548,221
"9",1989,13.7907852392551,12.774008097166,247
"9",1990,13.8376369756966,12.7981509433962,265
"9",1991,14.7624318968704,12.7523588039867,301
"9",1992,15.0457480756503,12.7025806451613,310
"9",1993,13.855802779323,12.7855352480418,383
"9",1994,14.6968874222486,12.827033492823,418
"9",1995,13.5145321983008,12.8574193548387,527
"9",1996,14.1448980925372,12.8127005870841,511
"9",1997,13.3977758875591,12.8543423137876,631
"9",1998,13.5929106053901,12.8641715976331,676
"9",1999,13.8100459394744,12.8627620396601,706
"9",2000,13.8381884368448,12.8033035714286,784
"9",2001,12.7293536679915,12.9060774193548,775
"9",2002,11.8065108631677,12.9569535673839,883
"9",2003,12.2059890086474,12.9245140388769,926
"9",2004,12.5276995812013,12.9029614604462,986
"9",2005,11.8863289099226,12.9933707865169,1068
"9",2006,11.4539452976706,12.9317399617591,1046
"9",2007,11.4854974795545,12.975657336726,1179
"9",2008,11.7298579631558,12.9923918799647,1133
"9",2009,10.6930091787213,13.0136850519584,1251
"9",2010,10.330009950416,13.0413131313131,1188
"9",2011,10.8734973077365,13.0037706342311,1151
"9",2012,10.4884991245961,13.0099845797995,1297
"9",2013,10.048072498741,13.051568627451,1224
"9",2014,9.62568052842046,13.0528245476003,1271
"9",2015,10.0319468725691,13.0955125100888,1239
"10",1957,-27.3523155216,14.12,1
"10",1964,13.3822727273,12.44,1
"10",1969,29.5038461538,12.45,1
"10",1970,19.9507561056667,12.5483333333333,6
"10",1971,31.3554014599,10.95,1
"10",1972,19.6523328136286,12.1885714285714,7
"10",1973,13.1593709156667,12.5466666666667,3
"10",1974,23.8160039261571,12.0957142857143,7
"10",1975,21.43736562324,12.022,10
"10",1976,17.4562171102222,12.08,18
"10",1977,13.3579607626571,12.5135714285714,14
"10",1978,14.1307899786308,12.66,13
"10",1979,17.2937524409222,12.3603703703704,27
"10",1980,20.7572628140448,12.5089655172414,29
"10",1981,16.3698339853366,12.6256097560976,41
"10",1982,13.6759128957324,12.7588235294118,34
"10",1983,16.9085529824338,12.6213513513514,74
"10",1984,13.6943274845484,12.7197368421053,190
"10",1985,16.3021029258207,12.5997925311203,241
"10",1986,12.9464828288789,12.8266165413534,266
"10",1987,14.5603017698096,12.709359430605,281
"10",1988,14.7760007911706,12.7055555555556,333
"10",1989,15.3394561431036,12.7023772609819,387
"10",1990,15.4428006180833,12.709309623431,478
"10",1991,16.4802159096976,12.6647123893805,452
"10",1992,14.4832758338555,12.768969889065,631
"10",1993,15.305656718621,12.7444610778443,668
"10",1994,14.4240853115962,12.7741972187105,791
"10",1995,14.1923766045802,12.8152702702703,888
"10",1996,13.6223578579723,12.8252631578947,437
"10",1997,13.6053844558628,12.8241794871795,390
"10",1998,12.9237454474387,12.8876495726496,468
"10",1999,12.2228551556467,12.9236997885835,473
"10",2000,13.3692645765766,12.893202247191,534
"10",2001,13.2303173901117,12.8686538461538,572
"10",2002,11.6031899217496,12.9637788018433,651
"10",2003,12.950383600301,12.9061227336123,717
"10",2004,12.0882289775814,12.9610866752911,773
"10",2005,11.5286260592015,12.9939486552567,818
"10",2006,11.6334206310821,12.9636754176611,838
"10",2007,11.7325202673766,12.9624190064795,926
"10",2008,11.4154817904355,13.0214315789474,950
"10",2009,10.6069631548978,13.0539233954451,966
"10",2010,10.5514169758333,13.0485112634672,1021
"10",2011,10.6094417327751,13.0182916666667,960
"10",2012,9.79445884795355,13.0548688046647,1029
"10",2013,9.17233276020856,13.0974027237354,1028
"10",2014,9.38915959732691,13.1082284607938,1033
"10",2015,9.27226652268293,13.085036900369,1084
